,position,fastest_lap_rank
364,1,2.0
23016,1,1.0
10311,1,4.0
10308,1,4.0
10305,1,1.0
23123,1,2.0
23124,1,2.0
23125,1,3.0
23133,1,2.0
23149,1,3.0
23161,1,12.0
23169,1,1.0
7846,1,4.0
7844,1,4.0
23270,1,3.0
23271,1,1.0
23283,1,5.0
23287,1,3.0
23288,1,1.0
7669,1,2.0
7394,1,3.0
7392,1,1.0
7390,1,1.0
7389,1,3.0
7388,1,1.0
7387,1,1.0
7378,1,2.0
7160,1,1.0
10557,1,2.0
10558,1,2.0
11886,1,2.0
11888,1,1.0
14672,1,7.0
22772,1,2.0
22776,1,2.0
14621,1,1.0
14609,1,1.0
14607,1,2.0
22798,1,3.0
13469,1,2.0
13468,1,5.0
22821,1,4.0
12646,1,1.0
22829,1,2.0
22838,1,2.0
7158,1,1.0
22852,1,8.0
22862,1,2.0
22863,1,1.0
22865,1,1.0
22867,1,5.0
22869,1,1.0
22872,1,2.0
12042,1,2.0
12040,1,1.0
12039,1,3.0
12034,1,6.0
22884,1,4.0
11960,1,2.0
11954,1,2.0
22856,1,6.0
7151,1,1.0
7139,1,1.0
7103,1,1.0
5507,1,1.0
5488,1,2.0
23767,1,1.0
23768,1,4.0
23771,1,2.0
23781,1,5.0
23785,1,4.0
23787,1,5.0
23789,1,5.0
23790,1,1.0
23793,1,3.0
23795,1,1.0
4909,1,6.0
23749,1,3.0
23975,1,1.0
23977,1,2.0
24045,1,5.0
4648,1,10.0
4472,1,1.0
4466,1,2.0
4464,1,2.0
4458,1,2.0
24061,1,1.0
4276,1,4.0
4272,1,1.0
4270,1,4.0
4266,1,2.0
4229,1,6.0
23976,1,4.0
14676,1,6.0
5521,1,5.0
5574,1,1.0
23404,1,1.0
23413,1,3.0
23415,1,2.0
7053,1,1.0
23419,1,5.0
23422,1,2.0
23423,1,3.0
23424,1,1.0
23436,1,6.0
23440,1,1.0
23443,1,1.0
23444,1,2.0
23447,1,2.0
5569,1,1.0
6329,1,2.0
5939,1,5.0
5932,1,1.0
5931,1,2.0
5929,1,1.0
5928,1,1.0
23650,1,1.0
23651,1,5.0
23652,1,1.0
5922,1,9.0
5599,1,4.0
5598,1,14.0
5595,1,12.0
5593,1,3.0
23645,1,1.0
4228,1,1.0
14679,1,3.0
14725,1,2.0
21677,1,1.0
21707,1,6.0
21709,1,1.0
21720,1,3.0
19851,1,1.0
19750,1,4.0
19742,1,2.0
19741,1,6.0
19739,1,1.0
19738,1,1.0
19734,1,5.0
19706,1,4.0
19705,1,1.0
19703,1,3.0
19702,1,2.0
19694,1,1.0
19664,1,1.0
19607,1,2.0
22050,1,2.0
19345,1,2.0
22087,1,2.0
22103,1,2.0
22115,1,7.0
22118,1,2.0
22124,1,4.0
22129,1,3.0
19254,1,2.0
21670,1,2.0
21664,1,1.0
21657,1,3.0
21655,1,1.0
21011,1,6.0
21101,1,1.0
21130,1,2.0
21134,1,2.0
20834,1,6.0
20818,1,2.0
21162,1,2.0
20673,1,2.0
20583,1,1.0
20582,1,3.0
20581,1,1.0
20578,1,3.0
21544,1,1.0
22133,1,6.0
20571,1,2.0
20541,1,2.0
20531,1,5.0
20505,1,4.0
20494,1,1.0
21586,1,1.0
20479,1,1.0
20441,1,1.0
21602,1,1.0
21605,1,2.0
21631,1,2.0
21637,1,3.0
21638,1,4.0
21642,1,4.0
20552,1,4.0
22134,1,6.0
22136,1,3.0
19128,1,7.0
15804,1,4.0
15802,1,1.0
15801,1,2.0
15800,1,3.0
22504,1,2.0
22505,1,3.0
22510,1,4.0
15736,1,5.0
15731,1,2.0
15725,1,2.0
22511,1,7.0
15690,1,1.0
22515,1,1.0
15805,1,2.0
22516,1,1.0
15631,1,2.0
22533,1,2.0
22534,1,5.0
15285,1,2.0
22538,1,2.0
22562,1,3.0
15078,1,1.0
15076,1,1.0
14939,1,1.0
14935,1,2.0
14893,1,2.0
14736,1,7.0
14734,1,3.0
22527,1,1.0
14724,1,2.0
15807,1,2.0
22495,1,1.0
22151,1,1.0
19075,1,6.0
19071,1,4.0
18960,1,4.0
18957,1,4.0
18955,1,2.0
18954,1,2.0
18953,1,4.0
18951,1,3.0
18948,1,3.0
18902,1,4.0
18900,1,5.0
18862,1,1.0
15809,1,6.0
22189,1,1.0
17102,1,4.0
17049,1,2.0
17047,1,1.0
16512,1,1.0
16501,1,3.0
22344,1,3.0
22420,1,4.0
22450,1,1.0
16304,1,4.0
16244,1,4.0
22463,1,1.0
22464,1,3.0
16004,1,1.0
18800,1,1.0
24072,1,4.0
11953,1,2.0
21099,1,1.0
2969,1,2.0
4206,1,3.0
2652,1,2.0
24466,1,2.0
24224,1,6.0
24506,1,4.0
426,1,2.0
24350,1,1.0
24309,1,4.0
24352,1,3.0
2983,1,6.0
1094,1,5.0
2693,1,2.0
2698,1,2.0
24355,1,2.0
1088,1,1.0
1023,1,1.0
24081,1,2.0
2978,1,1.0
24310,1,1.0
24357,1,3.0
24233,1,5.0
2981,1,6.0
24225,1,1.0
3310,1,2.0
24470,1,2.0
1025,1,1.0
24356,1,1.0
4220,1,4.0
1085,1,2.0
24229,1,1.0
3615,1,2.0
24078,1,5.0
24351,1,3.0
2967,1,6.0
3549,1,3.0
366,1,1.0
24073,1,2.0
24075,1,5.0
24074,1,4.0
1334,1,1.0
3547,1,2.0
365,1,1.0
3648,1,5.0
2680,1,1.0
2687,1,3.0
2968,1,4.0
4218,1,2.0
1635,1,3.0
24463,1,1.0
23557,2,1.0
24307,2,5.0
17318,2,2.0
23559,2,2.0
23558,2,1.0
23659,2,3.0
24179,2,2.0
23565,2,6.0
13471,2,3.0
24456,2,5.0
17103,2,1.0
5934,2,2.0
22272,2,10.0
1620,2,4.0
23460,2,1.0
7847,2,1.0
2697,2,1.0
23461,2,4.0
14633,2,1.0
22322,2,3.0
14632,2,2.0
22307,2,6.0
16542,2,9.0
16559,2,7.0
22284,2,6.0
22152,2,2.0
22281,2,1.0
22154,2,3.0
22155,2,1.0
17048,2,1.0
22222,2,3.0
23603,2,5.0
6264,2,8.0
23644,2,3.0
18865,2,6.0
18866,2,6.0
18883,2,4.0
18887,2,5.0
22177,2,4.0
5942,2,3.0
5940,2,3.0
18903,2,2.0
5930,2,4.0
3646,2,3.0
14608,2,3.0
18907,2,5.0
2700,2,1.0
18943,2,2.0
23200,2,1.0
13736,2,2.0
23166,2,7.0
6346,2,2.0
23658,2,3.0
22210,2,1.0
18801,2,3.0
6338,2,13.0
18821,2,2.0
18850,2,1.0
23198,2,3.0
6277,2,4.0
5920,2,2.0
18852,2,2.0
18856,2,2.0
24451,2,7.0
2695,2,9.0
22786,2,4.0
6265,2,2.0
14655,2,4.0
22480,2,3.0
22452,2,2.0
24341,2,2.0
7143,2,3.0
15632,2,4.0
7140,2,7.0
15633,2,3.0
15651,2,1.0
14733,2,1.0
14732,2,1.0
22525,2,1.0
14726,2,6.0
2646,2,3.0
24348,2,2.0
7114,2,4.0
24228,2,2.0
22513,2,4.0
15715,2,2.0
2691,2,4.0
7150,2,4.0
24221,2,3.0
15290,2,9.0
15284,2,4.0
24227,2,2.0
3528,2,9.0
7391,2,3.0
7399,2,3.0
15077,2,4.0
15080,2,1.0
7401,2,2.0
15113,2,4.0
2676,2,4.0
7380,2,2.0
22546,2,3.0
22545,2,1.0
7403,2,4.0
22539,2,2.0
7162,2,3.0
22536,2,1.0
14744,2,5.0
24339,2,1.0
15729,2,3.0
15732,2,5.0
15734,2,2.0
22487,2,5.0
23282,2,2.0
23277,2,7.0
23437,2,5.0
16204,2,3.0
16205,2,2.0
23159,2,2.0
22479,2,1.0
24208,2,1.0
22476,2,4.0
7834,2,2.0
22466,2,5.0
24358,2,1.0
24359,2,3.0
16290,2,11.0
22455,2,4.0
7843,2,2.0
14666,2,3.0
23427,2,4.0
14667,2,8.0
23425,2,8.0
23298,2,4.0
23297,2,4.0
23296,2,2.0
15792,2,7.0
15793,2,5.0
23407,2,11.0
14677,2,3.0
2624,2,7.0
22419,2,2.0
24353,2,4.0
2694,2,7.0
24217,2,4.0
15810,2,5.0
15811,2,3.0
23421,2,2.0
22488,2,8.0
16003,2,4.0
3579,2,5.0
7055,2,2.0
5586,2,3.0
5572,2,5.0
19112,2,2.0
4821,2,1.0
4820,2,2.0
20480,2,2.0
12255,2,3.0
12248,2,8.0
10312,2,3.0
4812,2,7.0
20498,2,4.0
23980,2,9.0
12047,2,9.0
20509,2,6.0
23985,2,4.0
12045,2,2.0
20528,2,3.0
20530,2,3.0
2982,2,2.0
20540,2,5.0
20477,2,1.0
20463,2,5.0
23973,2,3.0
20443,2,3.0
21665,2,4.0
21656,2,2.0
1051,2,1.0
22871,2,1.0
21643,2,2.0
12294,2,4.0
20075,2,4.0
10207,2,3.0
22875,2,6.0
10306,2,5.0
21624,2,2.0
21622,2,3.0
23934,2,5.0
20219,2,6.0
20220,2,5.0
3309,2,3.0
1039,2,3.0
21599,2,1.0
10307,2,2.0
23843,2,5.0
20547,2,2.0
21570,2,14.0
24077,2,7.0
21135,2,1.0
374,2,2.0
22891,2,4.0
4271,2,9.0
373,2,1.0
4265,2,1.0
21129,2,1.0
4259,2,10.0
24068,2,5.0
11920,2,3.0
24069,2,1.0
4251,2,4.0
4247,2,6.0
11918,2,2.0
24070,2,3.0
22951,2,4.0
21139,2,1.0
24060,2,1.0
377,2,2.0
4456,2,1.0
21560,2,3.0
20570,2,2.0
21559,2,2.0
20579,2,1.0
396,2,3.0
20584,2,2.0
11966,2,2.0
20588,2,1.0
22876,2,4.0
20591,2,5.0
20592,2,2.0
4468,2,3.0
4467,2,3.0
22886,2,3.0
21163,2,5.0
21161,2,2.0
24057,2,6.0
4457,2,1.0
4205,2,1.0
21666,2,6.0
10206,2,4.0
21667,2,3.0
23738,2,2.0
19672,2,3.0
21830,2,3.0
12516,2,1.0
4911,2,4.0
23753,2,6.0
8079,2,6.0
21870,2,8.0
23754,2,2.0
22834,2,9.0
5486,2,2.0
19701,2,5.0
22835,2,2.0
23765,2,1.0
1092,2,4.0
24139,2,2.0
24467,2,3.0
24468,2,3.0
22830,2,1.0
19642,2,3.0
5581,2,3.0
2966,2,7.0
7396,2,6.0
22808,2,1.0
22143,2,2.0
22811,2,5.0
23676,2,1.0
19645,2,5.0
5549,2,1.0
22125,2,1.0
23144,2,3.0
23143,2,3.0
19436,2,6.0
19482,2,4.0
19490,2,1.0
22823,2,2.0
5543,2,4.0
23130,2,1.0
19683,2,4.0
19732,2,6.0
23839,2,5.0
21668,2,2.0
20011,2,1.0
20008,2,1.0
21673,2,8.0
2976,2,3.0
19986,2,3.0
22855,2,2.0
22854,2,1.0
4171,2,2.0
23792,2,1.0
21766,2,6.0
23788,2,3.0
1066,2,2.0
19749,2,3.0
19733,2,2.0
1089,2,3.0
12505,2,9.0
3357,2,6.0
1083,2,5.0
23782,2,9.0
22840,2,8.0
22653,2,4.0
23786,2,1.0
11959,3,5.0
22661,3,3.0
11930,3,4.0
14888,3,4.0
14627,3,6.0
22833,3,5.0
22813,3,6.0
14892,3,2.0
22893,3,6.0
14622,3,3.0
13401,3,3.0
13406,3,4.0
22807,3,3.0
12038,3,1.0
22657,3,1.0
11919,3,5.0
2980,3,8.0
14653,3,2.0
14656,3,2.0
22936,3,5.0
22805,3,3.0
22850,3,5.0
2977,3,3.0
12644,3,4.0
22785,3,1.0
14612,3,5.0
14665,3,3.0
21100,3,7.0
14614,3,7.0
22861,3,6.0
14658,3,6.0
14670,3,3.0
11938,3,13.0
11967,3,1.0
12256,3,3.0
14592,3,3.0
22822,3,4.0
22662,3,5.0
11936,3,3.0
24330,3,3.0
22799,3,2.0
24331,3,1.0
22873,3,6.0
12643,3,6.0
22837,3,2.0
14740,3,6.0
17345,3,4.0
14967,3,16.0
1050,3,5.0
21644,3,10.0
1052,3,8.0
21660,3,5.0
21669,3,3.0
21674,3,4.0
21675,3,2.0
24475,3,6.0
24473,3,4.0
21711,3,5.0
19861,3,7.0
19744,3,6.0
19743,3,1.0
19740,3,2.0
20080,3,10.0
21816,3,10.0
19704,3,6.0
19697,3,3.0
19693,3,2.0
19682,3,4.0
19673,3,7.0
21900,3,10.0
21914,3,7.0
22005,3,3.0
19347,3,5.0
19346,3,1.0
19331,3,13.0
22086,3,4.0
1503,3,4.0
19253,3,1.0
19707,3,3.0
21636,3,2.0
21635,3,4.0
20096,3,3.0
21014,3,3.0
21013,3,4.0
21116,3,6.0
20907,3,3.0
20904,3,5.0
21128,3,2.0
20881,3,8.0
20875,3,6.0
20817,3,5.0
378,3,4.0
21177,3,4.0
20662,3,7.0
21395,3,7.0
20585,3,3.0
389,3,3.0
21575,3,7.0
24492,3,5.0
1040,3,3.0
21630,3,1.0
21629,3,3.0
20186,3,3.0
20221,3,6.0
21593,3,2.0
19243,3,5.0
20485,3,2.0
20508,3,2.0
20515,3,4.0
20533,3,3.0
20545,3,6.0
20546,3,2.0
20551,3,5.0
527,3,3.0
22648,3,5.0
19242,3,7.0
22139,3,8.0
22485,3,3.0
16066,3,3.0
22486,3,8.0
16055,3,11.0
16041,3,7.0
16014,3,5.0
15816,3,10.0
15815,3,6.0
2610,3,6.0
2626,3,4.0
15798,3,3.0
2627,3,4.0
15739,3,2.0
15737,3,10.0
16214,3,8.0
2642,3,5.0
15691,3,1.0
22519,3,1.0
22526,3,3.0
15652,3,8.0
24345,3,2.0
24342,3,3.0
22535,3,2.0
15282,3,1.0
22537,3,2.0
22542,3,4.0
22544,3,5.0
22560,3,5.0
22581,3,7.0
2677,3,5.0
15712,3,6.0
22475,3,3.0
24360,3,1.0
16307,3,8.0
19229,3,5.0
22144,3,1.0
24459,3,4.0
22145,3,1.0
22150,3,10.0
18961,3,6.0
1634,3,8.0
1636,3,2.0
22160,3,6.0
18949,3,4.0
22173,3,4.0
18909,3,2.0
18906,3,1.0
18904,3,4.0
18894,3,3.0
18884,3,3.0
18857,3,3.0
16448,3,1.0
22373,3,16.0
22345,3,5.0
24367,3,9.0
16496,3,8.0
16497,3,2.0
22137,3,4.0
1674,3,10.0
17350,3,3.0
22263,3,7.0
22262,3,2.0
22214,3,7.0
18851,3,1.0
22187,3,3.0
17349,3,6.0
2990,3,2.0
14628,3,6.0
24044,3,1.0
23556,3,9.0
4647,3,2.0
4479,3,4.0
24055,3,3.0
4477,3,2.0
23414,3,1.0
23744,3,4.0
23604,3,8.0
4470,3,2.0
7073,3,2.0
23147,3,2.0
23799,3,6.0
23142,3,4.0
23141,3,6.0
7934,3,7.0
23802,3,2.0
7077,3,11.0
23803,3,2.0
7393,3,4.0
23131,3,1.0
7087,3,5.0
6548,3,4.0
5529,3,3.0
23972,3,3.0
23639,3,4.0
6275,3,6.0
23809,3,6.0
3644,3,2.0
5530,3,8.0
3539,3,7.0
5525,3,6.0
3377,3,4.0
24149,3,7.0
23322,3,4.0
24201,3,4.0
6550,3,12.0
23446,3,4.0
23779,3,6.0
23276,3,5.0
23451,3,3.0
23995,3,6.0
24009,3,7.0
24235,3,7.0
24236,3,3.0
7845,3,4.0
24206,3,4.0
5044,3,4.0
23442,3,3.0
23266,3,3.0
23773,3,4.0
23770,3,1.0
24218,3,2.0
4191,3,3.0
23418,3,6.0
3577,3,3.0
4657,3,5.0
24048,3,4.0
3347,3,19.0
23502,3,3.0
23176,3,1.0
23302,3,1.0
6519,3,3.0
23199,3,2.0
23763,3,1.0
23764,3,2.0
23501,3,5.0
23406,3,5.0
24116,3,4.0
10495,3,1.0
23933,3,6.0
10314,3,5.0
10315,3,4.0
7115,3,1.0
5557,3,4.0
5538,3,2.0
24180,3,5.0
7116,3,5.0
7163,3,3.0
7381,3,1.0
23675,3,2.0
4898,3,12.0
5570,3,6.0
5571,3,11.0
24151,3,7.0
5588,3,4.0
24076,3,1.0
4268,3,1.0
23335,3,4.0
4851,3,3.0
7375,3,7.0
4253,3,3.0
7167,3,5.0
5536,3,3.0
7110,3,2.0
5587,3,5.0
3550,3,4.0
3298,3,3.0
24287,3,2.0
23395,3,5.0
4462,3,7.0
23694,3,2.0
4231,3,5.0
23071,3,14.0
22953,3,1.0
4465,3,1.0
7141,3,3.0
10196,3,6.0
23647,3,3.0
5933,3,1.0
23401,3,13.0
10197,3,5.0
3647,3,4.0
7155,3,6.0
4912,3,3.0
7109,3,4.0
23113,3,1.0
5941,3,3.0
23075,3,7.0
22481,4,3.0
7125,4,3.0
23890,4,1.0
6610,4,7.0
19850,4,2.0
19849,4,5.0
23445,4,7.0
19748,4,1.0
16216,4,1.0
15635,4,4.0
6614,4,1.0
5037,4,3.0
23396,4,4.0
19852,4,2.0
15733,4,8.0
7124,4,3.0
16061,4,13.0
15735,4,1.0
7094,4,5.0
7091,4,6.0
15730,4,2.0
2629,4,4.0
20002,4,7.0
23405,4,5.0
1064,4,2.0
7097,4,3.0
23804,4,4.0
15700,4,4.0
23841,4,1.0
23408,4,6.0
24219,4,2.0
22514,4,12.0
2612,4,12.0
2647,4,10.0
6711,4,5.0
23433,4,6.0
6736,4,1.0
16007,4,5.0
21732,4,11.0
23420,4,7.0
23435,4,7.0
15812,4,1.0
20009,4,5.0
23797,4,2.0
23878,4,3.0
15678,4,13.0
15682,4,1.0
24354,4,6.0
24215,4,3.0
2628,4,1.0
4221,4,13.0
16308,4,5.0
24449,4,6.0
19349,4,1.0
18947,4,3.0
18941,4,1.0
18913,4,5.0
22062,4,6.0
18908,4,1.0
5938,4,1.0
24433,4,5.0
18901,4,4.0
23733,4,4.0
18897,4,8.0
19491,4,11.0
18888,4,3.0
5944,4,5.0
1330,4,7.0
5945,4,6.0
21954,4,6.0
23641,4,2.0
18952,4,5.0
21923,4,1.0
24181,4,9.0
24178,4,4.0
5548,4,1.0
22117,4,3.0
22131,4,1.0
1542,4,5.0
5541,4,3.0
23679,4,6.0
5558,4,8.0
22142,4,8.0
19123,4,7.0
5583,4,9.0
22091,4,4.0
19322,4,4.0
22090,4,7.0
5589,4,2.0
23663,4,7.0
5592,4,4.0
24458,4,4.0
24457,4,1.0
3785,4,7.0
18959,4,2.0
1084,4,1.0
21921,4,1.0
5528,4,10.0
16563,4,4.0
19698,4,1.0
21639,4,8.0
21828,4,7.0
22305,4,7.0
23762,4,2.0
16538,4,11.0
23495,4,4.0
1093,4,3.0
21812,4,5.0
22325,4,8.0
22326,4,3.0
23776,4,3.0
23459,4,7.0
16446,4,4.0
23452,4,8.0
24363,4,4.0
16395,4,17.0
24362,4,6.0
22283,4,2.0
24200,4,4.0
22282,4,1.0
23525,4,7.0
5527,4,12.0
22205,4,8.0
18840,4,5.0
22206,4,3.0
18823,4,3.0
23634,4,8.0
1664,4,6.0
19654,4,3.0
19656,4,4.0
21842,4,3.0
17428,4,10.0
23564,4,8.0
22270,4,5.0
6505,4,4.0
23746,4,7.0
17101,4,3.0
3793,4,7.0
19685,4,8.0
17075,4,10.0
21829,4,6.0
1529,4,5.0
19257,4,1.0
24035,4,2.0
20819,4,5.0
10310,4,8.0
23268,4,5.0
10208,4,1.0
23216,4,4.0
14629,4,15.0
23210,4,4.0
22743,4,11.0
14625,4,4.0
10205,4,1.0
22783,4,1.0
20548,4,2.0
20549,4,4.0
23191,4,5.0
20550,4,4.0
4854,4,3.0
12281,4,8.0
14654,4,4.0
20539,4,3.0
22738,4,9.0
22674,4,4.0
509,4,5.0
14682,4,7.0
21363,4,10.0
23983,4,5.0
2692,4,2.0
22676,4,9.0
24521,4,5.0
12043,4,5.0
14675,4,2.0
12245,4,7.0
21580,4,6.0
23994,4,2.0
24230,4,1.0
505,4,6.0
21578,4,8.0
14664,4,9.0
24037,4,9.0
2699,4,9.0
20554,4,9.0
20555,4,1.0
22812,4,3.0
21282,4,3.0
22818,4,9.0
21340,4,6.0
22844,4,13.0
12645,4,3.0
20595,4,5.0
22828,4,10.0
12460,4,8.0
23135,4,4.0
12619,4,9.0
22831,4,5.0
21386,4,9.0
8080,4,2.0
8085,4,8.0
22842,4,1.0
4469,4,4.0
24325,4,4.0
23015,4,8.0
4476,4,1.0
2975,4,3.0
24058,4,3.0
4455,4,6.0
14574,4,1.0
14573,4,4.0
24056,4,1.0
7874,4,6.0
20793,4,6.0
13737,4,5.0
22866,4,4.0
13695,4,7.0
22802,4,6.0
4207,4,4.0
23077,4,6.0
23163,4,4.0
23162,4,4.0
12438,4,1.0
7936,4,4.0
23114,4,6.0
23014,4,11.0
381,4,1.0
23299,4,6.0
21620,4,2.0
20224,4,8.0
22604,4,6.0
7386,4,4.0
15079,4,6.0
21619,4,10.0
3545,4,8.0
24332,4,6.0
22610,4,5.0
22611,4,2.0
22885,4,3.0
4831,4,6.0
23969,4,11.0
4249,4,5.0
22640,4,12.0
20444,4,10.0
14955,4,11.0
4834,4,10.0
22652,4,8.0
11942,4,5.0
22954,4,5.0
24226,4,2.0
20093,4,4.0
21632,4,7.0
23894,4,3.0
20097,4,4.0
22541,4,6.0
20171,4,5.0
15170,4,3.0
22549,4,6.0
24071,4,5.0
4224,4,5.0
4216,4,13.0
10556,4,6.0
22551,4,5.0
10553,4,3.0
3548,4,1.0
23931,4,7.0
21623,4,7.0
7397,4,5.0
22620,4,6.0
23323,4,2.0
23310,4,7.0
14741,4,1.0
4267,4,1.0
23309,4,3.0
2679,4,5.0
4814,4,2.0
7620,4,5.0
21592,4,1.0
20850,4,4.0
14735,4,2.0
22881,4,5.0
20849,4,5.0
7627,4,3.0
23012,4,3.0
12035,4,5.0
14728,4,7.0
2686,4,3.0
7616,4,9.0
11969,4,10.0
14895,4,4.0
20478,4,1.0
20906,4,3.0
14894,4,7.0
7400,4,4.0
4260,4,9.0
2988,4,9.0
24063,4,1.0
20890,4,1.0
22003,5,5.0
22099,5,1.0
22070,5,2.0
19488,5,3.0
4275,5,8.0
21983,5,9.0
5540,5,7.0
21353,5,7.0
4273,5,5.0
1505,5,6.0
22076,5,9.0
24465,5,2.0
22078,5,2.0
24464,5,2.0
20821,5,8.0
20950,5,4.0
19287,5,4.0
19487,5,7.0
20970,5,8.0
20816,5,8.0
4209,5,3.0
21140,5,4.0
22072,5,3.0
23690,5,7.0
20908,5,1.0
21248,5,5.0
22071,5,8.0
1331,5,4.0
4245,5,9.0
19339,5,6.0
23892,5,3.0
20661,5,4.0
19916,5,12.0
24080,5,4.0
23796,5,2.0
5017,5,5.0
21746,5,4.0
21751,5,1.0
19862,5,4.0
4174,5,6.0
4813,5,2.0
20497,5,3.0
24083,5,6.0
19854,5,2.0
24086,5,6.0
4811,5,5.0
21581,5,9.0
20506,5,5.0
24485,5,9.0
19753,5,8.0
4823,5,5.0
23806,5,9.0
21633,5,9.0
21647,5,4.0
21651,5,2.0
23870,5,5.0
23855,5,5.0
21662,5,5.0
1053,5,4.0
21679,5,3.0
21627,5,7.0
21621,5,7.0
23964,5,5.0
23838,5,7.0
23819,5,8.0
21607,5,7.0
21606,5,5.0
1024,5,6.0
23932,5,5.0
20691,5,8.0
24097,5,7.0
19747,5,11.0
24049,5,10.0
24079,5,2.0
400,5,6.0
21832,5,8.0
19668,5,5.0
24052,5,10.0
21841,5,3.0
19692,5,12.0
19665,5,4.0
19659,5,12.0
19658,5,2.0
19657,5,4.0
20594,5,8.0
20596,5,8.0
23735,5,10.0
21364,5,4.0
4475,5,4.0
20514,5,1.0
5490,5,7.0
462,5,7.0
23986,5,1.0
19746,5,9.0
19745,5,9.0
23991,5,4.0
501,5,4.0
20543,5,6.0
1087,5,5.0
3796,5,1.0
19736,5,9.0
4708,5,7.0
4706,5,8.0
23766,5,3.0
4705,5,13.0
23755,5,1.0
20557,5,5.0
4192,5,4.0
5047,5,5.0
1041,5,9.0
22944,5,3.0
1531,5,6.0
7165,5,2.0
23334,5,7.0
22568,5,1.0
22571,5,7.0
22574,5,1.0
23327,5,13.0
15111,5,4.0
7385,5,3.0
22590,5,5.0
15089,5,3.0
3546,5,3.0
23337,5,12.0
15049,5,5.0
14904,5,7.0
2682,5,8.0
14891,5,3.0
7404,5,5.0
14745,5,1.0
14739,5,4.0
7628,5,7.0
22665,5,11.0
7674,5,6.0
14723,5,6.0
14706,5,14.0
22630,5,3.0
15283,5,1.0
22532,5,11.0
23388,5,13.0
6768,5,6.0
24210,5,5.0
2591,5,1.0
23416,5,2.0
15803,5,6.0
22499,5,4.0
15794,5,1.0
7078,5,11.0
15791,5,4.0
22508,5,2.0
7088,5,4.0
7089,5,2.0
7093,5,2.0
15728,5,2.0
22512,5,4.0
7108,5,8.0
15714,5,15.0
15679,5,5.0
7118,5,1.0
22522,5,13.0
22523,5,10.0
15667,5,6.0
15665,5,5.0
5542,5,8.0
23398,5,7.0
14680,5,5.0
23426,5,9.0
23295,5,6.0
14671,5,5.0
12449,5,16.0
23076,5,2.0
12316,5,9.0
12302,5,4.0
12298,5,7.0
10204,5,2.0
12247,5,4.0
23065,5,4.0
24286,5,3.0
2985,5,10.0
22882,5,5.0
22851,5,5.0
11968,5,4.0
2987,5,4.0
11961,5,9.0
22982,5,6.0
11955,5,3.0
2989,5,9.0
22887,5,2.0
10494,5,5.0
22899,5,3.0
22903,5,5.0
22906,5,10.0
10561,5,2.0
11964,5,2.0
22846,5,3.0
22843,5,5.0
22841,5,7.0
24232,5,5.0
22689,5,7.0
23273,5,5.0
24237,5,7.0
14641,5,5.0
14634,5,6.0
23192,5,5.0
14611,5,12.0
23174,5,7.0
22793,5,4.0
23168,5,5.0
2702,5,7.0
22803,5,8.0
22804,5,4.0
7937,5,6.0
7938,5,5.0
13405,5,1.0
13404,5,4.0
23158,5,3.0
23157,5,11.0
23153,5,7.0
23152,5,9.0
8082,5,4.0
24326,5,2.0
3356,5,10.0
22677,5,2.0
23430,5,8.0
7119,5,8.0
16070,5,11.0
22165,5,9.0
24372,5,14.0
16562,5,9.0
22291,5,10.0
22164,5,6.0
22318,5,4.0
23480,5,7.0
22161,5,6.0
16498,5,12.0
23466,5,4.0
24182,5,3.0
3761,5,5.0
23657,5,5.0
6525,5,8.0
5916,5,3.0
3749,5,7.0
18956,5,3.0
3645,5,1.0
17083,5,3.0
18844,5,7.0
6333,5,10.0
17507,5,11.0
17501,5,4.0
23432,5,12.0
23643,5,11.0
22256,5,7.0
24431,5,8.0
6261,5,7.0
23646,5,6.0
18885,5,7.0
18886,5,8.0
11887,5,7.0
18889,5,10.0
6506,5,6.0
24432,5,4.0
6526,5,4.0
24436,5,4.0
16224,5,8.0
22461,5,5.0
6549,5,5.0
19086,5,8.0
19085,5,4.0
16299,5,3.0
3791,5,8.0
6611,5,6.0
22156,5,3.0
5584,5,8.0
23439,5,4.0
23456,5,10.0
6589,5,5.0
23449,5,4.0
16213,5,5.0
19129,5,8.0
24460,5,1.0
6613,5,2.0
24207,5,3.0
23453,5,2.0
19255,5,4.0
16449,5,3.0
18962,5,8.0
22394,5,9.0
5551,5,17.0
16206,5,7.0
22004,6,5.0
22104,6,9.0
22960,6,5.0
22114,6,2.0
23167,6,13.0
24050,6,2.0
22180,6,11.0
22797,6,6.0
24461,6,11.0
23640,6,5.0
24047,6,3.0
22794,6,16.0
21572,6,8.0
24422,6,6.0
22791,6,10.0
24241,6,9.0
21966,6,10.0
22964,6,10.0
23027,6,8.0
24242,6,1.0
24278,6,10.0
22874,6,3.0
23680,6,6.0
22879,6,7.0
22080,6,5.0
21147,6,9.0
22158,6,4.0
21148,6,5.0
22870,6,12.0
23067,6,11.0
22195,6,9.0
22052,6,5.0
22998,6,11.0
23081,6,1.0
24190,6,13.0
21261,6,10.0
23712,6,5.0
23648,6,7.0
21361,6,6.0
22839,6,2.0
23126,6,9.0
24265,6,12.0
23136,6,5.0
23145,6,6.0
22985,6,7.0
22789,6,10.0
23293,6,1.0
21909,6,17.0
23777,6,7.0
23885,6,8.0
22332,6,11.0
23891,6,9.0
24476,6,7.0
23387,6,7.0
23382,6,8.0
23380,6,9.0
23360,6,8.0
24118,6,8.0
24334,6,6.0
24120,6,6.0
23904,6,8.0
23905,6,11.0
24369,6,9.0
23864,6,14.0
22453,6,11.0
23851,6,7.0
21661,6,1.0
21741,6,7.0
24471,6,9.0
21718,6,7.0
21708,6,5.0
24089,6,8.0
22503,6,2.0
21771,6,9.0
23497,6,11.0
22477,6,11.0
21672,6,3.0
22472,6,6.0
23834,6,4.0
24114,6,8.0
23400,6,11.0
23846,6,8.0
22517,6,6.0
21798,6,13.0
22299,6,5.0
22579,6,7.0
23936,6,8.0
23601,6,5.0
22675,6,12.0
23981,6,15.0
22226,6,7.0
22225,6,11.0
23606,6,9.0
23290,6,6.0
23596,6,8.0
23285,6,10.0
21843,6,4.0
22740,6,7.0
21852,6,2.0
22196,6,9.0
23212,6,7.0
22778,6,9.0
23207,6,4.0
23618,6,4.0
23180,6,7.0
23560,6,3.0
21582,6,9.0
22595,6,12.0
23524,6,15.0
24380,6,6.0
22613,6,10.0
22614,6,4.0
23968,6,11.0
22626,6,9.0
23303,6,3.0
22280,6,5.0
22647,6,6.0
22656,6,7.0
24148,6,14.0
24412,6,5.0
23978,6,6.0
23745,6,6.0
23554,6,5.0
22639,6,18.0
22271,6,1.0
24526,6,9.0
5946,6,10.0
12515,6,5.0
2974,6,9.0
19752,6,13.0
19700,6,1.0
2986,6,5.0
3300,6,8.0
7920,6,2.0
12509,6,5.0
19667,6,13.0
19663,6,10.0
6516,6,2.0
3389,6,5.0
3393,6,14.0
3522,6,8.0
7376,6,13.0
3561,6,11.0
16286,6,15.0
12445,6,9.0
12443,6,11.0
15790,6,7.0
19611,6,12.0
15788,6,3.0
7629,6,4.0
20020,6,9.0
10191,6,7.0
20017,6,11.0
2631,6,10.0
20001,6,10.0
10195,6,3.0
12647,6,10.0
5031,6,11.0
7691,6,15.0
15669,6,5.0
2644,6,10.0
15673,6,4.0
15683,6,9.0
7670,6,8.0
15685,6,4.0
19879,6,8.0
15716,6,3.0
2662,6,5.0
4452,6,10.0
2675,6,6.0
19610,6,7.0
4853,6,5.0
16392,6,12.0
4696,6,13.0
17458,6,9.0
4650,6,8.0
19076,6,10.0
17466,6,9.0
4649,6,2.0
7054,6,5.0
6790,6,12.0
18950,6,3.0
11929,6,6.0
6789,6,11.0
18841,6,1.0
11927,6,3.0
4459,6,9.0
4264,6,5.0
6771,6,6.0
18891,6,1.0
4453,6,8.0
18855,6,1.0
4212,6,8.0
7095,6,6.0
19231,6,9.0
19235,6,6.0
12426,6,6.0
10559,6,11.0
19494,6,7.0
12305,6,6.0
16466,6,9.0
19437,6,5.0
7142,6,8.0
4827,6,7.0
4822,6,7.0
7703,6,11.0
19332,6,7.0
19329,6,4.0
16503,6,12.0
4782,6,7.0
7135,6,5.0
19260,6,7.0
17065,6,7.0
3813,6,14.0
4709,6,13.0
11943,6,8.0
16494,6,7.0
2614,6,9.0
18853,6,6.0
14593,6,6.0
1049,6,11.0
5509,6,10.0
15066,6,10.0
14971,6,13.0
1627,6,7.0
6315,6,9.0
6348,6,10.0
20574,6,10.0
20569,6,11.0
7852,6,7.0
5524,6,4.0
1498,6,7.0
6339,6,6.0
14950,6,5.0
20241,6,11.0
20487,6,4.0
14642,6,5.0
5526,6,5.0
7851,6,8.0
20481,6,3.0
20482,6,9.0
20532,6,4.0
510,6,10.0
1081,6,7.0
20553,6,4.0
5596,6,10.0
20735,6,11.0
5491,6,3.0
5064,6,6.0
375,6,7.0
14657,6,10.0
5924,6,8.0
1719,6,10.0
6491,6,8.0
21017,6,6.0
1070,6,7.0
5919,6,2.0
15232,6,2.0
15226,6,7.0
14623,6,9.0
20074,6,9.0
7833,6,5.0
20790,6,8.0
8074,6,7.0
14673,6,2.0
1071,6,4.0
13616,6,8.0
15169,6,4.0
14678,6,9.0
13620,6,6.0
20810,6,9.0
20660,6,5.0
20095,6,3.0
14720,6,5.0
15165,6,11.0
8038,6,10.0
20658,6,6.0
23470,7,11.0
23982,7,9.0
12284,7,8.0
4801,7,1.0
4817,7,11.0
6347,7,8.0
22324,7,10.0
14624,7,17.0
16495,7,1.0
23716,7,8.0
22302,7,10.0
23467,7,13.0
23774,7,10.0
23693,7,10.0
23656,7,4.0
22695,7,2.0
5918,7,1.0
6766,7,8.0
14684,7,8.0
17465,7,14.0
22664,7,15.0
4675,7,7.0
22244,7,9.0
6617,7,13.0
14737,7,3.0
16558,7,4.0
17450,7,5.0
6340,7,7.0
23729,7,15.0
17313,7,6.0
6590,7,11.0
22655,7,7.0
22279,7,12.0
6542,7,10.0
14943,7,6.0
6522,7,7.0
22878,7,11.0
23462,7,15.0
23637,7,6.0
23971,7,1.0
14613,7,8.0
22384,7,10.0
12510,7,7.0
22584,7,7.0
23821,7,11.0
15092,7,8.0
23818,7,8.0
6507,7,9.0
14577,7,15.0
14575,7,12.0
14572,7,4.0
23752,7,7.0
6351,7,11.0
23532,7,3.0
6352,7,9.0
22496,7,15.0
15684,7,3.0
22554,7,9.0
5018,7,10.0
23542,7,14.0
15655,7,10.0
22528,7,1.0
23784,7,10.0
22819,7,15.0
5041,7,7.0
13470,7,1.0
5052,7,6.0
15298,7,10.0
22815,7,7.0
6498,7,6.0
22827,7,7.0
15814,7,11.0
22603,7,3.0
14594,7,8.0
22621,7,13.0
12308,7,15.0
23477,7,5.0
16407,7,10.0
22421,7,9.0
23478,7,12.0
22864,7,10.0
23488,7,6.0
14617,7,11.0
12430,7,10.0
6497,7,3.0
16306,7,5.0
22617,7,8.0
16242,7,1.0
23873,7,8.0
16231,7,10.0
4900,7,8.0
23490,7,11.0
22469,7,5.0
23736,7,11.0
12452,7,13.0
12453,7,12.0
16215,7,8.0
4901,7,8.0
23853,7,13.0
23852,7,16.0
22483,7,11.0
12464,7,6.0
12502,7,5.0
23970,7,12.0
15717,7,1.0
7933,7,9.0
7058,7,6.0
23305,7,2.0
2970,7,6.0
20711,7,4.0
10424,7,12.0
23197,7,7.0
2964,7,7.0
7858,7,11.0
2689,7,4.0
24478,7,11.0
24062,7,1.0
7656,7,10.0
19891,7,6.0
23018,7,9.0
23032,7,6.0
2678,7,12.0
24346,7,9.0
2979,7,5.0
23001,7,8.0
20720,7,15.0
3551,7,13.0
1633,7,10.0
19644,7,11.0
19647,7,8.0
3376,7,11.0
23006,7,8.0
24248,7,7.0
10473,7,9.0
21854,7,16.0
24484,7,10.0
21848,7,9.0
24277,7,8.0
10472,7,9.0
23333,7,11.0
3570,7,17.0
23033,7,3.0
19905,7,10.0
21589,7,8.0
20082,7,6.0
24392,7,7.0
24408,7,13.0
1328,7,7.0
21601,7,11.0
7832,7,6.0
1644,7,9.0
24441,7,10.0
1536,7,10.0
20188,7,12.0
1637,7,11.0
8103,7,13.0
24455,7,12.0
20184,7,6.0
19904,7,7.0
24371,7,7.0
1090,7,1.0
19906,7,9.0
7687,7,7.0
7695,7,10.0
7857,7,9.0
19990,7,8.0
21396,7,10.0
23127,7,10.0
23292,7,12.0
21561,7,6.0
23211,7,7.0
20568,7,7.0
2590,7,1.0
21576,7,1.0
20525,7,13.0
20018,7,14.0
21977,7,13.0
19641,7,13.0
23189,7,5.0
11890,7,1.0
24113,7,5.0
22943,7,7.0
22100,7,13.0
24112,7,11.0
21267,7,3.0
19274,7,16.0
24111,7,12.0
24109,7,4.0
22942,7,4.0
22120,7,6.0
4252,7,11.0
22123,7,10.0
24505,7,12.0
21138,7,3.0
19077,7,11.0
20842,7,7.0
7915,7,9.0
22932,7,10.0
23155,7,6.0
4173,7,13.0
23412,7,4.0
4175,7,4.0
4204,7,12.0
4210,7,9.0
4222,7,9.0
7074,7,9.0
5935,7,5.0
24094,7,15.0
23410,7,12.0
19325,7,5.0
22946,7,7.0
21989,7,10.0
21996,7,9.0
7161,7,3.0
19608,7,5.0
22972,7,16.0
23348,7,8.0
20728,7,9.0
23355,7,6.0
22018,7,16.0
18910,7,9.0
7157,7,5.0
20979,7,13.0
23186,7,8.0
4255,7,15.0
20822,7,15.0
19087,7,6.0
23170,7,9.0
497,7,8.0
3789,7,10.0
22051,7,12.0
22079,7,6.0
18945,7,6.0
3797,7,15.0
24138,7,10.0
8051,7,12.0
22157,7,11.0
21159,7,3.0
22075,7,5.0
19334,7,14.0
20809,7,10.0
7940,8,11.0
6262,8,9.0
22796,8,6.0
6349,8,12.0
14606,8,3.0
23209,8,11.0
6268,8,11.0
14619,8,8.0
7856,8,9.0
6276,8,9.0
8049,8,16.0
23605,8,4.0
22774,8,6.0
23140,8,11.0
23608,8,13.0
22742,8,8.0
23222,8,8.0
22897,8,10.0
23231,8,5.0
12446,8,14.0
23336,8,8.0
22968,8,4.0
23479,8,15.0
12313,8,5.0
10493,8,9.0
23384,8,12.0
22952,8,3.0
23386,8,13.0
23474,8,16.0
7147,8,10.0
22947,8,12.0
23394,8,11.0
12249,8,8.0
6540,8,16.0
11970,8,8.0
7111,8,14.0
7105,8,7.0
6547,8,5.0
6598,8,8.0
22892,8,12.0
11926,8,10.0
6769,8,5.0
22976,8,7.0
7398,8,15.0
6514,8,3.0
22996,8,8.0
22801,8,8.0
13621,8,9.0
23245,8,8.0
7840,8,12.0
23090,8,11.0
6362,8,5.0
12659,8,17.0
7826,8,14.0
23281,8,10.0
7818,8,6.0
7800,8,10.0
23117,8,6.0
23079,8,5.0
6504,8,6.0
10316,8,11.0
23061,8,12.0
12635,8,12.0
23294,8,10.0
23534,8,10.0
23527,8,9.0
12602,8,9.0
23304,8,17.0
22836,8,9.0
23505,8,10.0
7706,8,10.0
10420,8,12.0
23156,8,9.0
22726,8,10.0
19256,8,3.0
22126,8,10.0
24100,8,13.0
24102,8,14.0
19288,8,9.0
3809,8,10.0
19326,8,13.0
3802,8,13.0
24121,8,16.0
24128,8,6.0
3795,8,3.0
22023,8,10.0
22015,8,17.0
3759,8,8.0
3635,8,18.0
3558,8,2.0
3555,8,6.0
24259,8,11.0
21864,8,15.0
24082,8,3.0
3366,8,2.0
4208,8,7.0
4214,8,11.0
22289,8,7.0
4713,8,5.0
16567,8,18.0
23998,8,10.0
24006,8,17.0
17090,8,7.0
4704,8,16.0
22257,8,6.0
4697,8,8.0
22216,8,7.0
17609,8,7.0
4481,8,12.0
4461,8,8.0
18843,8,5.0
22176,8,10.0
18942,8,2.0
22159,8,5.0
18965,8,3.0
22149,8,4.0
19130,8,8.0
22293,8,5.0
3302,8,9.0
19681,8,8.0
1549,8,15.0
1546,8,17.0
21598,8,4.0
20488,8,9.0
21564,8,5.0
20576,8,7.0
20589,8,18.0
20664,8,14.0
24483,8,6.0
21276,8,8.0
24487,8,10.0
21242,8,6.0
20732,8,10.0
24493,8,8.0
21164,8,8.0
20848,8,7.0
20884,8,10.0
402,8,6.0
24518,8,3.0
1596,8,12.0
24284,8,10.0
1669,8,9.0
24385,8,7.0
19731,8,2.0
24329,8,2.0
21759,8,12.0
19863,8,5.0
24344,8,8.0
21733,8,12.0
19900,8,2.0
19910,8,13.0
21681,8,14.0
19989,8,6.0
21676,8,8.0
19998,8,10.0
20000,8,13.0
20019,8,7.0
20021,8,10.0
20023,8,12.0
20026,8,5.0
2611,8,6.0
24379,8,11.0
20085,8,15.0
16556,8,13.0
22163,8,9.0
5046,8,4.0
15168,8,2.0
22548,8,13.0
22543,8,7.0
5059,8,8.0
23772,8,3.0
4818,8,10.0
15159,8,12.0
15301,8,8.0
5007,8,11.0
15693,8,5.0
15738,8,12.0
22507,8,14.0
23820,8,8.0
23822,8,8.0
22530,8,6.0
22497,8,3.0
15147,8,5.0
15090,8,3.0
23654,8,9.0
14661,8,10.0
22666,8,8.0
5591,8,7.0
23665,8,12.0
5567,8,4.0
23739,8,14.0
14930,8,12.0
5532,8,9.0
23719,8,8.0
22619,8,3.0
14966,8,7.0
23737,8,9.0
15088,8,12.0
23705,8,14.0
23840,8,6.0
22491,8,8.0
4896,8,11.0
23951,8,10.0
16219,8,7.0
16192,8,10.0
22433,8,12.0
4873,8,14.0
23943,8,2.0
23913,8,14.0
23859,8,10.0
22407,8,11.0
16459,8,13.0
16464,8,12.0
4829,8,9.0
23243,9,8.0
23260,9,14.0
23580,9,15.0
24454,9,6.0
6350,9,6.0
24364,9,13.0
1708,9,16.0
1729,9,13.0
4852,9,6.0
4881,9,5.0
6728,9,14.0
23740,9,10.0
2636,9,12.0
5522,9,3.0
24376,9,8.0
5531,9,7.0
4904,9,9.0
23227,9,6.0
23642,9,10.0
7911,9,8.0
24494,9,12.0
23173,9,12.0
7867,9,7.0
23458,9,15.0
7864,9,12.0
23673,9,15.0
24491,9,15.0
24023,9,3.0
5556,9,10.0
24482,9,13.0
5537,9,1.0
5535,9,11.0
23698,9,12.0
24008,9,15.0
23941,9,15.0
1327,9,6.0
23880,9,7.0
23718,9,4.0
5539,9,7.0
23598,9,9.0
7698,9,12.0
5489,9,11.0
7057,9,11.0
3643,9,4.0
23815,9,8.0
4223,9,9.0
3767,9,15.0
3783,9,9.0
23369,9,11.0
24168,9,12.0
7156,9,7.0
3792,9,1.0
6513,9,13.0
6512,9,12.0
24127,9,11.0
24125,9,12.0
23513,9,10.0
23511,9,18.0
4903,9,7.0
4996,9,12.0
7101,9,9.0
4914,9,12.0
23510,9,12.0
3571,9,11.0
23506,9,13.0
5019,9,10.0
7056,9,15.0
2641,9,1.0
23756,9,12.0
23863,9,9.0
23493,9,6.0
2655,9,12.0
5063,9,14.0
23561,9,15.0
24067,9,8.0
23862,9,9.0
2674,9,16.0
5927,9,1.0
24328,9,11.0
5049,9,17.0
23315,9,4.0
5048,9,9.0
23317,9,7.0
23320,9,11.0
23783,9,15.0
24264,9,11.0
23547,9,11.0
7382,9,9.0
5038,9,14.0
4819,9,9.0
20239,9,11.0
12041,9,12.0
21778,9,7.0
22999,9,11.0
14651,9,6.0
21773,9,6.0
23007,9,7.0
22741,9,16.0
22832,9,9.0
19853,9,6.0
22894,9,11.0
12503,9,12.0
23013,9,9.0
22467,9,12.0
22730,9,7.0
22074,9,13.0
16211,9,9.0
16073,9,6.0
16060,9,11.0
22694,9,9.0
21710,9,7.0
22820,9,12.0
14731,9,10.0
20010,9,7.0
17453,9,13.0
22462,9,6.0
22498,9,12.0
22895,9,10.0
22896,9,15.0
22000,9,11.0
12634,9,9.0
22931,9,12.0
21974,9,11.0
22929,9,11.0
13677,9,11.0
10560,9,10.0
22290,9,15.0
22012,9,14.0
19632,9,11.0
16408,9,12.0
21924,9,8.0
22914,9,6.0
16569,9,13.0
22428,9,13.0
22788,9,13.0
12627,9,12.0
22907,9,8.0
19508,9,11.0
22054,9,11.0
21896,9,14.0
19649,9,14.0
19652,9,4.0
21840,9,1.0
20039,9,6.0
10192,9,12.0
22096,9,1.0
15260,9,15.0
20040,9,7.0
15243,9,7.0
8078,9,12.0
23132,9,8.0
8075,9,6.0
20663,9,14.0
23137,9,9.0
21359,9,4.0
19079,9,17.0
20715,9,10.0
21266,9,12.0
15075,9,14.0
21175,9,9.0
22199,9,9.0
18842,9,11.0
20808,9,7.0
22182,9,8.0
15110,9,14.0
8025,9,8.0
21010,9,8.0
22531,9,15.0
14962,9,10.0
22625,9,12.0
22576,9,10.0
17454,9,5.0
20084,9,14.0
20088,9,7.0
19259,9,11.0
14944,9,5.0
22845,9,9.0
14956,9,8.0
19252,9,10.0
22220,9,1.0
11951,9,15.0
20242,9,14.0
12451,9,7.0
20223,9,7.0
14958,9,12.0
20208,9,12.0
16554,9,8.0
14959,9,11.0
19251,9,7.0
22524,9,4.0
12427,9,4.0
22211,9,8.0
15657,9,11.0
22301,10,13.0
12462,10,13.0
22175,10,4.0
23476,10,6.0
24013,10,10.0
22278,10,14.0
17067,10,13.0
23484,10,8.0
23483,10,2.0
23507,10,13.0
22287,10,11.0
12633,10,13.0
6509,10,12.0
16571,10,6.0
24002,10,2.0
18835,10,9.0
4722,10,13.0
15281,10,8.0
12658,10,9.0
23660,10,9.0
23670,10,11.0
15797,10,5.0
22660,10,10.0
15796,10,6.0
23678,10,10.0
4997,10,5.0
22506,10,13.0
15681,10,2.0
23687,10,12.0
15670,10,2.0
5020,10,7.0
5035,10,14.0
22529,10,11.0
15244,10,11.0
23758,10,2.0
23734,10,14.0
22556,10,6.0
5487,10,13.0
22586,10,14.0
22565,10,11.0
5510,10,12.0
23743,10,16.0
4915,10,3.0
4802,10,10.0
22478,10,8.0
23871,10,14.0
16492,10,15.0
6353,10,12.0
13407,10,12.0
22800,10,15.0
22340,10,12.0
16461,10,7.0
23582,10,2.0
4832,10,9.0
22427,10,12.0
23588,10,15.0
4835,10,12.0
4844,10,11.0
23927,10,13.0
23914,10,13.0
22434,10,4.0
22773,10,10.0
4848,10,10.0
18939,10,9.0
23620,10,12.0
22454,10,13.0
22756,10,11.0
22460,10,6.0
6267,10,16.0
14660,10,12.0
23895,10,12.0
6536,10,10.0
12037,10,15.0
7693,10,9.0
23043,10,17.0
2656,10,2.0
21760,10,4.0
10421,10,13.0
7618,10,14.0
19754,10,15.0
21776,10,12.0
19729,10,3.0
19695,10,14.0
23330,10,12.0
21831,10,5.0
23469,10,12.0
19653,10,10.0
21863,10,9.0
3383,10,7.0
21906,10,9.0
3390,10,18.0
3391,10,13.0
10487,10,13.0
23359,10,12.0
19646,10,13.0
23364,10,11.0
23044,10,1.0
23291,10,9.0
24366,10,12.0
24387,10,12.0
24513,10,15.0
20897,10,12.0
23172,10,13.0
23146,10,13.0
21178,10,5.0
21342,10,7.0
8076,10,13.0
21547,10,4.0
7854,10,13.0
7853,10,13.0
21585,10,13.0
22962,10,12.0
23215,10,11.0
24525,10,17.0
1504,10,12.0
20235,10,8.0
23238,10,16.0
23239,10,10.0
1628,10,10.0
7850,10,13.0
24447,10,13.0
1639,10,8.0
24434,10,15.0
20098,10,8.0
8094,10,15.0
7149,10,8.0
5512,10,14.0
22923,10,14.0
24087,10,12.0
6583,10,7.0
22055,10,9.0
22898,10,14.0
19244,10,11.0
24129,10,13.0
24187,10,12.0
4213,10,14.0
22007,10,6.0
19462,10,12.0
22934,10,11.0
24204,10,9.0
6596,10,16.0
23429,10,10.0
3637,10,16.0
22880,10,15.0
6521,10,16.0
3567,10,11.0
3806,10,13.0
22949,10,9.0
12033,10,3.0
23393,10,5.0
19078,10,13.0
6530,10,13.0
7137,10,10.0
24150,10,4.0
22232,11,10.0
22521,11,7.0
23811,11,18.0
21618,11,12.0
19265,11,15.0
20194,11,14.0
3803,11,11.0
5016,11,10.0
4683,11,15.0
23974,11,6.0
5025,11,6.0
24511,11,14.0
24510,11,16.0
22162,11,12.0
4454,11,2.0
21443,11,13.0
19111,11,16.0
24095,11,11.0
5061,11,7.0
1082,11,13.0
5042,11,7.0
15789,11,9.0
22135,11,4.0
24051,11,11.0
19245,11,14.0
24472,11,10.0
19455,11,8.0
23837,11,12.0
4701,11,16.0
23881,11,4.0
4888,11,7.0
22459,11,10.0
3642,11,13.0
24239,11,8.0
4846,11,16.0
23979,11,14.0
24324,11,10.0
3388,11,13.0
22329,11,15.0
4843,11,11.0
22431,11,3.0
19612,11,6.0
21916,11,18.0
19630,11,9.0
3557,11,15.0
16511,11,10.0
1643,11,16.0
16235,11,10.0
22016,11,11.0
24395,11,15.0
20083,11,8.0
17149,11,15.0
23824,11,10.0
20032,11,15.0
23835,11,15.0
3560,11,14.0
3765,11,12.0
19895,11,12.0
19467,11,15.0
21757,11,6.0
23856,11,11.0
24155,11,16.0
24335,11,12.0
21764,11,11.0
22021,11,6.0
16002,11,19.0
16353,11,15.0
21016,11,11.0
6591,11,10.0
22913,11,10.0
22916,11,17.0
22733,11,15.0
22728,11,12.0
23391,11,8.0
23347,11,6.0
23341,11,9.0
22911,11,14.0
23549,11,16.0
23318,11,13.0
14750,11,4.0
23672,11,4.0
5552,11,6.0
23040,11,17.0
23053,11,11.0
7701,11,11.0
10474,11,14.0
6783,11,13.0
6762,11,4.0
6716,11,14.0
23533,11,6.0
22814,11,4.0
23518,11,8.0
12495,11,6.0
12465,11,3.0
23503,11,10.0
12458,11,12.0
23583,11,11.0
12312,11,10.0
6532,11,4.0
23455,11,7.0
11962,11,13.0
22780,11,16.0
23438,11,3.0
14640,11,14.0
6709,11,14.0
6715,11,8.0
22646,11,14.0
7702,11,10.0
22974,11,18.0
7849,11,11.0
23177,11,8.0
8050,11,9.0
23272,11,13.0
23098,11,12.0
8040,11,9.0
23715,11,9.0
14963,11,17.0
22618,11,8.0
23175,11,14.0
23710,11,10.0
8019,11,14.0
23087,11,5.0
8072,11,14.0
22634,11,17.0
23128,11,11.0
22580,11,14.0
7861,11,10.0
23193,11,10.0
23708,11,8.0
23730,11,6.0
19278,12,12.0
6616,12,7.0
11931,12,15.0
24481,12,13.0
3812,12,10.0
19330,12,15.0
23742,12,12.0
19143,12,10.0
20031,12,10.0
7869,12,15.0
24524,12,15.0
4710,12,15.0
24001,12,14.0
24005,12,7.0
23520,12,3.0
23519,12,12.0
6528,12,13.0
20903,12,7.0
21166,12,11.0
23491,12,15.0
6520,12,11.0
7855,12,13.0
12317,12,7.0
18845,12,6.0
17434,12,8.0
6759,12,12.0
24154,12,14.0
8084,12,15.0
19671,12,8.0
2991,12,20.0
23329,12,10.0
7402,12,15.0
24430,12,9.0
21768,12,10.0
23307,12,16.0
21738,12,12.0
7821,12,7.0
19967,12,11.0
23280,12,17.0
2592,12,5.0
24388,12,9.0
20030,12,13.0
21653,12,14.0
22975,12,17.0
3379,12,19.0
1638,12,5.0
22956,12,17.0
11921,12,5.0
22026,12,10.0
1676,12,14.0
22022,12,2.0
8096,12,8.0
23115,12,12.0
22918,12,10.0
23202,12,6.0
24186,12,13.0
11906,12,12.0
22940,12,16.0
3633,12,17.0
22945,12,7.0
23256,12,3.0
23094,12,8.0
10545,12,11.0
24199,12,16.0
22825,12,19.0
22575,12,12.0
7929,12,6.0
23948,12,5.0
23946,12,13.0
15654,12,14.0
22629,12,17.0
5012,12,13.0
23805,12,17.0
4840,12,1.0
5008,12,14.0
23688,12,15.0
22663,12,9.0
22628,12,15.0
23662,12,11.0
23661,12,14.0
16045,12,12.0
22777,12,13.0
23537,12,9.0
23909,12,12.0
22713,12,2.0
6344,12,15.0
23609,12,14.0
16212,12,8.0
16223,12,9.0
22781,12,14.0
5040,12,12.0
23638,12,13.0
23568,12,21.0
5060,12,14.0
15308,12,16.0
5057,12,17.0
16513,12,11.0
5056,12,7.0
15275,12,16.0
12653,12,10.0
15114,12,19.0
23731,12,11.0
22346,12,8.0
23574,12,17.0
23402,13,14.0
22748,13,9.0
3762,13,8.0
20827,13,13.0
22926,13,13.0
23844,13,9.0
3378,13,1.0
7870,13,6.0
3384,13,17.0
23346,13,14.0
7939,13,8.0
3752,13,7.0
15160,13,18.0
7928,13,5.0
23338,13,15.0
4899,13,11.0
22714,13,2.0
23383,13,2.0
16228,13,13.0
23366,13,15.0
20237,13,9.0
22704,13,2.0
20192,13,11.0
8086,13,8.0
23160,13,15.0
20185,13,19.0
24439,13,7.0
23088,13,7.0
23086,13,12.0
15280,13,14.0
1673,13,12.0
21648,13,15.0
4907,13,10.0
5009,13,13.0
5054,13,9.0
24479,13,16.0
23814,13,15.0
23683,13,17.0
10435,13,8.0
21762,13,15.0
24333,13,13.0
7619,13,16.0
21354,13,9.0
22986,13,14.0
22749,13,8.0
1720,13,13.0
23544,13,15.0
23907,13,15.0
19289,13,12.0
23912,13,13.0
4825,13,11.0
24012,13,13.0
22877,13,3.0
19272,13,12.0
19270,13,5.0
18966,13,8.0
6605,13,9.0
22890,13,3.0
22782,13,13.0
23454,13,14.0
6592,13,15.0
23529,13,6.0
4211,13,3.0
4841,13,13.0
12022,13,14.0
23572,13,2.0
24066,13,8.0
22141,13,11.0
24036,13,11.0
12286,13,11.0
12518,13,18.0
22765,13,21.0
12314,13,8.0
6730,13,9.0
6794,13,8.0
6787,13,9.0
22790,13,14.0
4830,13,15.0
23636,13,13.0
20022,14,10.0
23724,14,19.0
20027,14,4.0
8098,14,10.0
22810,14,18.0
8042,14,17.0
15287,14,4.0
24159,14,14.0
12447,14,17.0
19136,14,2.0
14960,14,7.0
20212,14,16.0
1716,14,12.0
4233,14,15.0
5010,14,8.0
5039,14,3.0
23593,14,15.0
24438,14,14.0
22547,14,9.0
24020,14,8.0
23512,14,1.0
23092,14,11.0
22178,14,14.0
5013,14,2.0
22635,14,11.0
1645,14,9.0
23597,14,3.0
22752,14,4.0
10410,14,15.0
23682,14,7.0
19273,14,9.0
23344,14,12.0
22969,14,13.0
23349,14,1.0
6533,14,7.0
7871,14,18.0
23902,14,16.0
21866,14,14.0
23900,14,18.0
22950,14,13.0
23617,14,5.0
7138,14,1.0
23403,14,16.0
16309,14,4.0
23555,14,14.0
4715,14,15.0
5925,14,10.0
22978,14,17.0
20501,14,14.0
23313,14,19.0
23761,14,10.0
2993,14,6.0
3821,14,9.0
12656,14,11.0
24347,15,16.0
23944,15,10.0
22468,15,16.0
4478,15,13.0
23264,15,2.0
12624,15,18.0
23684,15,14.0
6263,15,7.0
20233,15,8.0
8108,15,18.0
23587,15,19.0
23817,15,7.0
4712,15,9.0
23600,15,3.0
7092,15,2.0
5943,15,11.0
4906,15,6.0
1641,15,9.0
7377,15,11.0
23924,15,17.0
5011,15,12.0
23727,15,18.0
23342,15,9.0
22980,15,18.0
22705,15,18.0
1718,15,14.0
24092,15,7.0
20723,15,16.0
15087,15,13.0
22077,15,13.0
15262,15,18.0
23375,15,22.0
3823,15,17.0
20012,15,18.0
22963,15,9.0
23473,15,18.0
23531,16,18.0
20565,16,15.0
1738,16,19.0
23059,16,16.0
23887,16,19.0
23628,16,14.0
23625,16,22.0
24131,16,9.0
23362,16,14.0
11952,16,20.0
14897,16,10.0
23725,16,20.0
20028,16,15.0
23845,16,9.0
8109,16,19.0
5022,16,17.0
23093,16,2.0
8111,17,22.0
23810,17,20.0
23017,17,15.0
1672,17,2.0
23004,17,8.0
19633,17,16.0
23726,17,21.0
23487,17,1.0
19897,18,17.0
23082,18,15.0
8113,18,21.0
20077,19,18.0
22847,19,19.0
